Construct,Normalized Titer
WT,1
E406W,0.272935222
K444Q,0.406724292
F486K,0.481276812
Negative,0.000334729
WT,1
E406W,0.363203079
K444Q,0.229481445
F486K,0.812713539
Negative,0.000211678
WT,1
N439K,0.501170725
N439K,0.497487048
Negative,0.000179488
WT,1
C432D,0.000354325
C432D,3.13501E-05
E484K,2.081630811
E484K,1.043145303
Negative,0.000398422